<?xml version="1.0" encoding="utf-8"?>
<!--/2356674/554299/2.49/7/4/Connector/-->
<quadcept_library>
  <setting unit="mil" />
  <textstyle name="Default" height="47.244094488189" strokewidth="7.8740157480315" charwidth="47.244094488189" />
  <textstyle name="Dimension" height="19.6850393700787" strokewidth="0" charwidth="19.6850393700787" />
  <textstyle name="H127W0635TH00762" height="50" strokewidth="3" charwidth="25" />
  <textstyle name="H15W15TH02" height="59.0551181102362" strokewidth="7.8740157480315" charwidth="59.0551181102362" />
  <padstyle name="r90_30" surface="True" plated="False" isvia="False" nopaste="False" nomask="True" complex="False" holesize="0">
    <padshape layer="TOP" shape="rectangle" width="11.811023622047" height="35.433070866141" />
    <padshape layer="TOP_SOLDER_MASK" shape="rectangle" width="19.685039370078" height="43.307086614173" />
    <padshape layer="TOP_SOLDER_PASTE" shape="rectangle" width="11.811023622047" height="35.433070866141" />
  </padstyle>
  <padstyle name="r100_52" surface="True" plated="False" isvia="False" nopaste="False" nomask="True" complex="False" holesize="0">
    <padshape layer="TOP" shape="rectangle" width="20.472440944882" height="39.370078740157" />
    <padshape layer="TOP_SOLDER_MASK" shape="rectangle" width="28.346456692913" height="47.244094488188" />
    <padshape layer="TOP_SOLDER_PASTE" shape="rectangle" width="20.472440944882" height="39.370078740157" />
  </padstyle>
  <footprint name="59453051110ECHLF" originx="0" originy="0" pickpointx="0" pickpointy="0">
    <pcbpin number="1" name="1" style="r90_30" originx="-39.370078740157" originy="47.244094488188" rotation="0" />
    <pcbpin number="2" name="2" style="r90_30" originx="-19.685039370078" originy="47.244094488188" rotation="0" />
    <pcbpin number="3" name="3" style="r90_30" originx="0" originy="47.244094488188" rotation="0" />
    <pcbpin number="4" name="4" style="r90_30" originx="19.685039370078" originy="47.244094488188" rotation="0" />
    <pcbpin number="5" name="5" style="r90_30" originx="39.370078740157" originy="47.244094488188" rotation="0" />
    <pcbpin number="6" name="6" style="r100_52" originx="-68.503937007873" originy="0" rotation="0" />
    <pcbpin number="7" name="7" style="r100_52" originx="68.503937007873" originy="0" rotation="0" />
    <line layer="TOP_ASSEMBLY" originx="-78.740157480314" originy="55.11811023622" endx="78.740157480314" endy="55.11811023622" width="7.8740157480314" />
    <line layer="TOP_ASSEMBLY" originx="78.740157480314" originy="55.11811023622" endx="78.740157480314" endy="-82.67716535433" width="7.8740157480314" />
    <line layer="TOP_ASSEMBLY" originx="78.740157480314" originy="-82.67716535433" endx="-78.740157480314" endy="-82.67716535433" width="7.8740157480314" />
    <line layer="TOP_ASSEMBLY" originx="-78.740157480314" originy="-82.67716535433" endx="-78.740157480314" endy="55.11811023622" width="7.8740157480314" />
    <line layer="TOP_PLACE_BOUND" originx="-118.11023622047" originy="104.33070866142" endx="118.11023622047" endy="104.33070866142" width="3.9370078740157" />
    <line layer="TOP_PLACE_BOUND" originx="118.11023622047" originy="104.33070866142" endx="118.11023622047" endy="-122.04724409449" width="3.9370078740157" />
    <line layer="TOP_PLACE_BOUND" originx="118.11023622047" originy="-122.04724409449" endx="-118.11023622047" endy="-122.04724409449" width="3.9370078740157" />
    <line layer="TOP_PLACE_BOUND" originx="-118.11023622047" originy="-122.04724409449" endx="-118.11023622047" endy="104.33070866142" width="3.9370078740157" />
    <line layer="TOP_SILKSCREEN" originx="-78.740157480314" originy="-31.496062992126" endx="-78.740157480314" endy="-82.67716535433" width="3.9370078740157" />
    <line layer="TOP_SILKSCREEN" originx="-78.740157480314" originy="-82.67716535433" endx="78.740157480314" endy="-82.67716535433" width="3.9370078740157" />
    <line layer="TOP_SILKSCREEN" originx="78.740157480314" originy="-82.67716535433" endx="78.740157480314" endy="-31.496062992126" width="3.9370078740157" />
    <line layer="TOP_SILKSCREEN" originx="-55.11811023622" originy="55.11811023622" endx="-78.740157480314" endy="55.11811023622" width="3.9370078740157" />
    <line layer="TOP_SILKSCREEN" originx="-78.740157480314" originy="55.11811023622" endx="-78.740157480314" endy="31.496062992126" width="3.9370078740157" />
    <line layer="TOP_SILKSCREEN" originx="55.11811023622" originy="55.11811023622" endx="78.740157480314" endy="55.11811023622" width="3.9370078740157" />
    <line layer="TOP_SILKSCREEN" originx="78.740157480314" originy="55.11811023622" endx="78.740157480314" endy="31.496062992126" width="3.9370078740157" />
    <line layer="TOP_SILKSCREEN" originx="-43.307086614173" originy="82.67716535433" endx="-43.307086614173" endy="82.67716535433" width="7.8740157480314" />
    <arc layer="TOP_SILKSCREEN" originx="-39.370078740157" originy="82.67716535433" startangle="180.0" sweepangle="180.0" radius="3.9370078740157" width="7.8740157480314" />
    <line layer="TOP_SILKSCREEN" originx="-35.433070866141" originy="82.67716535433" endx="-35.433070866141" endy="82.67716535433" width="7.8740157480314" />
    <arc layer="TOP_SILKSCREEN" originx="-39.370078740157" originy="82.67716535433" startangle=".0" sweepangle="180.0" radius="3.9370078740157" width="7.8740157480314" />
  </footprint>
  <symbol name="59453-051110ECHLF" originx="0" originy="0">
    <line originx="200" originy="100" endx="600" endy="100" width="0" />
    <line originx="600" originy="-500" endx="600" endy="100" width="0" />
    <line originx="600" originy="-500" endx="200" endy="-500" width="0" />
    <line originx="200" originy="100" endx="200" endy="-500" width="0" />
    <sympin number="1" originx="600" originy="0" rotation="0" length="100" width="7.8740157480315" flipped="False">
      <text name="pinname" originx="570" originy="0" style="Default" rotation="0" justify="right" flipped="False" hidden="False" data="1" />
      <text name="pindes" originx="660" originy="20" style="Default" rotation="0" justify="lowerleft" flipped="False" hidden="False" data="1" />
    </sympin>
    <sympin number="2" originx="600" originy="-100" rotation="0" length="100" width="7.8740157480315" flipped="False">
      <text name="pinname" originx="570" originy="-100" style="Default" rotation="0" justify="right" flipped="False" hidden="False" data="2" />
      <text name="pindes" originx="660" originy="-80" style="Default" rotation="0" justify="lowerleft" flipped="False" hidden="False" data="2" />
    </sympin>
    <sympin number="3" originx="600" originy="-200" rotation="0" length="100" width="7.8740157480315" flipped="False">
      <text name="pinname" originx="570" originy="-200" style="Default" rotation="0" justify="right" flipped="False" hidden="False" data="3" />
      <text name="pindes" originx="660" originy="-180" style="Default" rotation="0" justify="lowerleft" flipped="False" hidden="False" data="3" />
    </sympin>
    <sympin number="4" originx="600" originy="-300" rotation="0" length="100" width="7.8740157480315" flipped="False">
      <text name="pinname" originx="570" originy="-300" style="Default" rotation="0" justify="right" flipped="False" hidden="False" data="4" />
      <text name="pindes" originx="660" originy="-280" style="Default" rotation="0" justify="lowerleft" flipped="False" hidden="False" data="4" />
    </sympin>
    <sympin number="5" originx="600" originy="-400" rotation="0" length="100" width="7.8740157480315" flipped="False">
      <text name="pinname" originx="570" originy="-400" style="Default" rotation="0" justify="right" flipped="False" hidden="False" data="5" />
      <text name="pindes" originx="660" originy="-380" style="Default" rotation="0" justify="lowerleft" flipped="False" hidden="False" data="5" />
    </sympin>
    <sympin number="6" originx="200" originy="0" rotation="180" length="100" width="7.8740157480315" flipped="False">
      <text name="pinname" originx="230" originy="0" style="Default" rotation="0" justify="left" flipped="False" hidden="False" data="6" />
      <text name="pindes" originx="140" originy="20" style="Default" rotation="0" justify="lowerright" flipped="False" hidden="False" data="6" />
    </sympin>
    <sympin number="7" originx="200" originy="-100" rotation="180" length="100" width="7.8740157480315" flipped="False">
      <text name="pinname" originx="230" originy="-100" style="Default" rotation="0" justify="left" flipped="False" hidden="False" data="7" />
      <text name="pindes" originx="140" originy="-80" style="Default" rotation="0" justify="lowerright" flipped="False" hidden="False" data="7" />
    </sympin>
  </symbol>
  <component name="59453-051110ECHLF" designatorprefix="J" height="39.370078740157" footprint="59453051110ECHLF">
    <comppin designator="1" sympin="1" pinswap="0" gateswap="0" gate="1" group="1" side="" type="Any" name="1" />
    <comppin designator="2" sympin="2" pinswap="0" gateswap="0" gate="1" group="1" side="" type="Any" name="2" />
    <comppin designator="3" sympin="3" pinswap="0" gateswap="0" gate="1" group="1" side="" type="Any" name="3" />
    <comppin designator="4" sympin="4" pinswap="0" gateswap="0" gate="1" group="1" side="" type="Any" name="4" />
    <comppin designator="5" sympin="5" pinswap="0" gateswap="0" gate="1" group="1" side="" type="Any" name="5" />
    <comppin designator="6" sympin="6" pinswap="0" gateswap="0" gate="1" group="1" side="" type="Any" name="6" />
    <comppin designator="7" sympin="7" pinswap="0" gateswap="0" gate="1" group="1" side="" type="Any" name="7" />
    <attached_symbol gate="1" name="59453-051110ECHLF" />
    <pinmap designator="1" footprintpin="1" />
    <pinmap designator="2" footprintpin="2" />
    <pinmap designator="3" footprintpin="3" />
    <pinmap designator="4" footprintpin="4" />
    <pinmap designator="5" footprintpin="5" />
    <pinmap designator="6" footprintpin="6" />
    <pinmap designator="7" footprintpin="7" />
    <text name="Datasheet" originx="0" originy="0" style="Default" rotation="0" justify="" flipped="False" hidden="True" data="https://cdn.amphenol-icc.com/media/wysiwyg/files/drawing/59453-0_1110echlf.pdf" />
    <text name="Description" originx="0" originy="0" style="Default" rotation="0" justify="" flipped="False" hidden="True" data="FFC and FPC 0.5mm Pitch FPC 5 Contact Conn connectors" />
    <text name="Manufacturer_Name" originx="0" originy="0" style="Default" rotation="0" justify="" flipped="False" hidden="True" data="Amphenol" />
    <text name="Manufacturer_Part_Number" originx="650" originy="200" style="Default" rotation="0" justify="left" flipped="False" hidden="False" data="59453-051110ECHLF" />
    <text name="Mouser Part Number" originx="0" originy="0" style="Default" rotation="0" justify="" flipped="False" hidden="True" data="649-59453051110ECHLF" />
    <text name="Mouser Price/Stock" originx="0" originy="0" style="Default" rotation="0" justify="" flipped="False" hidden="True" data="https://www.mouser.co.uk/ProductDetail/Amphenol-FCI/59453-051110ECHLF?qs=SqJKR5Mmryc5fGwXZgOgcA%3D%3D" />
    <text name="Arrow Part Number" originx="0" originy="0" style="Default" rotation="0" justify="" flipped="False" hidden="True" data="59453-051110ECHLF" />
    <text name="Arrow Price/Stock" originx="0" originy="0" style="Default" rotation="0" justify="" flipped="False" hidden="True" data="https://www.arrow.com/en/products/59453-051110echlf/amphenol-fci" />
  </component>
</quadcept_library>
